grouping	group	n_cell	mean_norm_score	score_q95	assoc_mcp	assoc_mcz	n_fdr_0.1	n_fdr_0.2
mmc_subclass	Microglia-PVM	668	1.3425803184509277	3.5158486	0.000999000999000999	6.8016305	2	38
mmc_subclass	Lamp5	129	0.296443909406662	2.427027	0.006993006993006993	2.8555963	0	0
mmc_subclass	Lamp5 Lhx6	42	0.41088399291038513	1.9583466	0.13386613386613386	1.1387022	0	0
mmc_subclass	Pvalb	60	0.3466091752052307	1.8568338	0.2087912087912088	0.8082161	0	0
mmc_subclass	L6 CT	15	-0.27360814809799194	1.7937641	0.21678321678321677	0.7458944	0	0
mmc_subclass	Oligodendrocyte	7514	0.03400736674666405	1.7563262	0.23676323676323677	0.7115917	0	5
mmc_subclass	L5 IT	98	0.09405241906642914	1.7605674	0.3176823176823177	0.47830805	0	0
mmc_subclass	Chandelier	20	0.40531501173973083	1.5495212	0.34865134865134867	0.34103292	0	0
mmc_subclass	Pax6	58	0.045637279748916626	1.6816229	0.3756243756243756	0.28229687	0	0
mmc_subclass	L5/6 NP	2	0.5200998783111572	0.60232115	0.44455544455544455	0.13911398	0	0
mmc_subclass	Endothelial	24	-0.17967982590198517	1.3230722	0.4725274725274725	-0.06093085	0	0
mmc_subclass	L2/3 IT	221	0.04254581034183502	1.6342713	0.5174825174825175	-0.07904857	0	0
mmc_subclass	Sst	87	0.006825875956565142	1.485358	0.5854145854145855	-0.23268567	0	0
mmc_subclass	Astrocyte	2461	-0.1778155118227005	1.5617374	0.6613386613386614	-0.4395863	0	1
mmc_subclass	L6 IT Car3	7	0.07075472921133041	0.8387352	0.6933066933066933	-0.5584613	0	0
mmc_subclass	L6 IT	14	-0.08875850588083267	1.0385212	0.7582417582417582	-0.6913471	0	0
mmc_subclass	Sncg	63	-0.10032010823488235	1.3266767	0.7542457542457542	-0.70537674	0	0
mmc_subclass	Vip	202	-0.2015039175748825	1.3535037	0.7972027972027972	-0.86799765	0	0
mmc_subclass	VLMC	115	-0.11281786113977432	1.2495205	0.8321678321678322	-0.92788774	0	0
mmc_subclass	L4 IT	13	-0.4183907210826874	0.6784816	0.9020979020979021	-1.2975798	0	0
mmc_subclass	L6b	7	-0.6579343676567078	0.275696	0.9140859140859141	-1.3640827	0	0
mmc_subclass	OPC	1394	-0.5329028367996216	1.1561623	0.974025974025974	-1.8385116	0	0
mmc_supertype	Micro-PVM_4-SEAAD	44	1.322635531425476	3.811308	0.000999000999000999	6.3133006	0	5
mmc_supertype	Micro-PVM_3-SEAAD	119	1.7278273105621338	3.6438556	0.000999000999000999	5.600965	1	9
mmc_supertype	Micro-PVM_2_3-SEAAD	191	0.6416288614273071	2.8206887	0.000999000999000999	5.3851843	0	6
mmc_supertype	Micro-PVM_2	277	1.6814866065979004	3.520042	0.000999000999000999	4.8403053	1	17
mmc_supertype	Lamp5_1	75	0.3152308464050293	2.4044008	0.005994005994005994	2.720745	0	0
mmc_supertype	L5 IT_7	59	0.2849028706550598	2.0567029	0.08091908091908091	1.4456416	0	0
mmc_supertype	Lamp5_Lhx6_1	42	0.41088399291038513	1.9583466	0.13386613386613386	1.1387022	0	0
mmc_supertype	Oligo_2	4404	0.042793240398168564	1.7972469	0.14485514485514486	1.0405303	0	2
mmc_supertype	L2/3 IT_3	99	0.20481295883655548	1.800416	0.26173826173826176	0.63826966	0	0
mmc_supertype	Astro_3	312	0.052131593227386475	1.7574977	0.2917082917082917	0.5166896	0	0
mmc_supertype	Pax6_4	30	0.303183376789093	1.7018203	0.3276723276723277	0.40034118	0	0
mmc_supertype	Vip_4	40	-0.18272653222084045	1.6382301	0.37662337662337664	0.2993871	0	0
mmc_supertype	Astro_6-SEAAD	119	-0.11453893035650253	1.6491017	0.42657342657342656	0.14976737	0	0
mmc_supertype	L2/3 IT_5	23	-0.06018078699707985	1.5258696	0.42857142857142855	0.1408976	0	0
mmc_supertype	Astro_4	221	0.024210907518863678	1.6502659	0.4355644355644356	0.10195398	0	0
mmc_supertype	Oligo_1	379	0.1302894800901413	1.6607715	0.47952047952047955	0.011507144	0	1
mmc_supertype	OPC_1	25	-0.12971439957618713	1.4713594	0.4875124875124875	-0.0022094701	0	0
mmc_supertype	Sst_3	35	0.0973377525806427	1.421543	0.5024975024975025	-0.036694247	0	0
mmc_supertype	Oligo_4	2546	0.004949508234858513	1.6815479	0.5394605394605395	-0.06315417	0	2
mmc_supertype	Sncg_6	28	0.07915236800909042	1.4628129	0.5484515484515484	-0.13030498	0	0
mmc_supertype	Vip_19	23	-0.01681661605834961	1.3328571	0.5484515484515484	-0.17093119	0	0
mmc_supertype	L2/3 IT_6	27	0.0323810875415802	1.39237	0.5964035964035964	-0.26060918	0	0
mmc_supertype	Astro_1	134	-0.1482255756855011	1.5331895	0.5894105894105894	-0.26135018	0	0
mmc_supertype	Pericyte_1	33	-0.07694735378026962	1.379844	0.5984015984015985	-0.2743398	0	0
mmc_supertype	L2/3 IT_1	46	-0.0940985456109047	1.4539013	0.5994005994005994	-0.28745198	0	0
mmc_supertype	Pax6_1	28	-0.2303050309419632	1.1823609	0.7232767232767233	-0.6048507	0	0
mmc_supertype	Astro_2	1547	-0.24980062246322632	1.5097849	0.7252747252747253	-0.6193173	0	1
mmc_supertype	VLMC_1	71	-0.14708587527275085	1.2347491	0.7392607392607392	-0.62612903	0	0
mmc_supertype	Sst_1	24	-0.13430744409561157	1.216534	0.7462537462537463	-0.6583525	0	0
mmc_supertype	Vip_1	31	-0.06104377657175064	1.1794797	0.7422577422577422	-0.66030574	0	0
mmc_supertype	OPC_2_1-SEAAD	364	-0.5685240626335144	1.2892587	0.8591408591408591	-1.0805998	0	0
mmc_supertype	Vip_23	25	-0.5287050008773804	0.8717848	0.8731268731268731	-1.1195565	0	0
mmc_supertype	Astro_5	128	-0.30691981315612793	1.2975788	0.8641358641358642	-1.1265832	0	0
mmc_supertype	Oligo_3	185	0.02750685065984726	1.3374053	0.9460539460539461	-1.5816948	0	0
mmc_supertype	OPC_2	955	-0.5282253623008728	1.1476325	0.98001998001998	-1.8897033	0	0
mmc_supertype	OPC_2_2-SEAAD	50	-0.5645151138305664	0.78364396	0.98001998001998	-1.9356011	0	0
author_cellType	mg	449	1.8013280630111694	3.7481136	0.000999000999000999	5.6859465	2	37
author_cellType	doublet	405	0.048971179872751236	2.0406156	0.008991008991008992	2.39245	0	0
author_cellType	unID	925	0.08705250173807144	1.9534506	0.014985014985014986	2.1910303	0	2
author_cellType	oligo	7432	0.04089847579598427	1.7723304	0.18281718281718282	0.87085485	0	5
author_cellType	neuron	656	-0.036510393023490906	1.5149783	0.6823176823176823	-0.45680693	0	0
author_cellType	endo	98	-0.23169085383415222	1.3434287	0.6983016983016983	-0.6010341	0	0
author_cellType	astro	2171	-0.23262789845466614	1.4776609	0.7722277722277723	-0.7500219	0	0
author_cellType	OPC	1078	-0.61356121301651	1.0222969	0.987012987012987	-2.0153577	0	0
leiden	10	550	1.644878625869751	3.5817304	0.000999000999000999	5.7596145	2	38
leiden	16	43	0.7481255531311035	2.3651304	0.01898101898101898	2.1256714	0	0
leiden	4	2055	0.22954320907592773	1.9437487	0.054945054945054944	1.6437621	0	3
leiden	13	339	-0.07268653064966202	1.9152852	0.0999000999000999	1.372266	0	0
leiden	15	322	0.24388378858566284	1.8799894	0.14385614385614387	1.0454662	0	1
leiden	3	55	0.11292547732591629	1.9494673	0.15584415584415584	1.0231278	0	0
leiden	11	1980	0.11347506940364838	1.8231666	0.16483516483516483	0.975295	0	1
leiden	1	370	0.16991715133190155	1.8621424	0.17682317682317683	0.91397446	0	0
leiden	12	226	-0.12760727107524872	1.7060308	0.37962037962037964	0.27978113	0	0
leiden	14	205	0.0011082068085670471	1.6236715	0.4825174825174825	-0.014831968	0	0
leiden	5	681	-0.045376554131507874	1.5952191	0.5644355644355644	-0.20179826	0	0
leiden	0	593	-0.1715487539768219	1.6035023	0.6953046953046953	-0.50019705	0	0
leiden	2	356	-0.058406177908182144	1.4484335	0.6933066933066933	-0.53123236	0	0
leiden	9	136	-0.20311513543128967	1.2621211	0.8231768231768232	-0.92365	0	0
leiden	6	1435	-0.35057708621025085	1.319183	0.9040959040959041	-1.269198	0	0
leiden	8	2723	-0.12377467006444931	1.4670055	0.945054945054945	-1.5904763	0	1
leiden	7	1145	-0.6169780492782593	0.9560049	0.994005994005994	-2.2709322	0	0
